{"cameraMode":{"drawMode":0,"name":"Shaded","section":"Shading Mode"},"sceneLighting":true,"audioPlay":false,"sceneViewState":{"m_AlwaysRefresh":false,"showFog":true,"showSkybox":true,"showFlares":true,"showImageEffects":true,"showParticleSystems":true,"showVisualEffectGraphs":true,"m_FxEnabled":true},"in2DMode":false,"pivot":{"x":2.1079721450805666,"y":0.38212117552757265,"z":0.10270124673843384},"rotation":{"x":-0.14528965950012208,"y":-0.009794142097234726,"z":0.00145683903247118,"w":-0.9893651604652405},"size":6.868836402893066,"orthographic":false}